[{"type":"wrapper","sort_order":"2","specific_class":"bg-light py-3 py-sm-4 py-lg-5","id_unique":"it_TOFBEZTEPKGY","child":[{"type":"row","sort_order":"1","specific_class":"container","id_unique":"it_BDZKDSKEURWJ","child":[{"type":"col","sort_order":"1","specific_class":"","col":"col-12","col_xs":"col-12","col_sm":"col-sm-3","col_md":"","col_lg":"","col_xl":"","col_xxl":"","id_unique":"it_YGKKWUGTJWPD","child":[{"type":"module","sort_order":"1","specific_class":"","module_name":"ps_linklist","id_unique":"it_VEKNUEWSADZH","origin_hook":"displayFooter","extra_css":"","child":false}]},{"type":"col","sort_order":"2","specific_class":"","col":"col-12","col_xs":"col-12","col_sm":"col-sm-3","col_md":"","col_lg":"","col_xl":"","col_xxl":"","id_unique":"it_XEKGVSHETRJS","child":[{"type":"module","sort_order":"1","specific_class":"","module_name":"ps_categorytree","id_unique":"it_KBLOWUHBNWJY","origin_hook":"displayFooter","extra_css":"","child":false}]},{"type":"col","sort_order":"3","specific_class":"","col":"col-12","col_xs":"col-12","col_sm":"col-sm-3","col_md":"","col_lg":"","col_xl":"","col_xxl":"","id_unique":"it_JAISDNKVXEEJ","child":[{"type":"module","sort_order":"1","specific_class":"","module_name":"ps_customeraccountlinks","id_unique":"it_MLTIVTAFBWVO","origin_hook":"displayFooter","extra_css":"","child":false}]},{"type":"col","sort_order":"4","specific_class":"","col":"col-12","col_xs":"col-12","col_sm":"col-sm-3","col_md":"","col_lg":"","col_xl":"","col_xxl":"","id_unique":"it_XRVBLYMJFVEQ","child":[{"type":"module","sort_order":"1","specific_class":"","module_name":"ps_contactinfo","id_unique":"it_LKKRCMYZHEIH","origin_hook":"displayFooter","extra_css":"","child":false}]}]}]},{"type":"wrapper","sort_order":"3","specific_class":"container py-3","id_unique":"it_HBFRYRFUFMGS","child":[{"type":"row","sort_order":"1","specific_class":"","id_unique":"it_PWOGGTXMCRQR","child":[{"type":"col","sort_order":"1","specific_class":"","col":"col-12","col_xs":"col-12","col_sm":"","col_md":"","col_lg":"","col_xl":"","col_xxl":"","id_unique":"it_AQXIPDRJLPFA","child":[{"type":"block","sort_order":"1","specific_class":"","module_name":"copyright","id_unique":"it_VDCQEZLQBVTU","child":false},{"type":"module","sort_order":"2","specific_class":"","module_name":"jxcompareproduct","id_unique":"it_AQATJLUBXUDW","origin_hook":"displayFooter","extra_css":"","child":false}]}]}]}]