{"18":{"default":{"id_extra_banner":"18","specific_class":"","id_lang":"1","name":"Banner header","img":"muLKi6uHKgFRaFwu.jpg","link":"\/\/ld-prestashop.template-help.com\/next-pres-fashion\/index.php","content":""},"languages":{"en":{"id_extra_banner":"18","specific_class":"","id_lang":"1","name":"Banner header","img":"muLKi6uHKgFRaFwu.jpg","link":"\/\/ld-prestashop.template-help.com\/next-pres-fashion\/index.php","content":""},"de":{"id_extra_banner":"18","specific_class":"","id_lang":"2","name":"Banner header","img":"muLKi6uHKgFRaFwu.jpg","link":"\/\/ld-prestashop.template-help.com\/next-pres-fashion\/index.php","content":""},"ru":{"id_extra_banner":"18","specific_class":"","id_lang":"3","name":"Banner header","img":"muLKi6uHKgFRaFwu.jpg","link":"\/\/ld-prestashop.template-help.com\/next-pres-fashion\/index.php","content":""},"es":{"id_extra_banner":"18","specific_class":"","id_lang":"4","name":"Banner header","img":"muLKi6uHKgFRaFwu.jpg","link":"\/\/ld-prestashop.template-help.com\/next-pres-fashion\/index.php","content":""},"fr":{"id_extra_banner":"18","specific_class":"","id_lang":"5","name":"Banner header","img":"muLKi6uHKgFRaFwu.jpg","link":"\/\/ld-prestashop.template-help.com\/next-pres-fashion\/index.php","content":""}}},"19":{"default":{"id_extra_banner":"19","specific_class":"","id_lang":"1","name":"Footer banner","img":"vupspgo2g4gKeOgL.jpg","link":"\/\/ld-prestashop.template-help.com\/next-pres-fashion\/index.php","content":""},"languages":{"en":{"id_extra_banner":"19","specific_class":"","id_lang":"1","name":"Footer banner","img":"vupspgo2g4gKeOgL.jpg","link":"\/\/ld-prestashop.template-help.com\/next-pres-fashion\/index.php","content":""},"de":{"id_extra_banner":"19","specific_class":"","id_lang":"2","name":"Footer banner","img":"vupspgo2g4gKeOgL.jpg","link":"\/\/ld-prestashop.template-help.com\/next-pres-fashion\/index.php","content":""},"ru":{"id_extra_banner":"19","specific_class":"","id_lang":"3","name":"Footer banner","img":"vupspgo2g4gKeOgL.jpg","link":"\/\/ld-prestashop.template-help.com\/next-pres-fashion\/index.php","content":""},"es":{"id_extra_banner":"19","specific_class":"","id_lang":"4","name":"Footer banner","img":"vupspgo2g4gKeOgL.jpg","link":"\/\/ld-prestashop.template-help.com\/next-pres-fashion\/index.php","content":""},"fr":{"id_extra_banner":"19","specific_class":"","id_lang":"5","name":"Footer banner","img":"vupspgo2g4gKeOgL.jpg","link":"\/\/ld-prestashop.template-help.com\/next-pres-fashion\/index.php","content":""}}}}