{"1":{"default":{"id_extra_html":"1","specific_class":null,"id_lang":"1","name":"LogoDark\/Light","content":"<div><a class=\"logo\" href=\"index.php\"> <img class=\"img-fluid dark\" src=\"img\/cms\/logoDark.png\" width=\"76\" height=\"41\" alt=\"logoDark.png\" \/><img class=\"img-fluid light\" src=\"img\/cms\/logoLight.png\" width=\"76\" height=\"41\" alt=\"logoLight.png\" \/><\/a><\/div>"},"languages":{"en":{"id_extra_html":"1","specific_class":null,"id_lang":"1","name":"LogoDark\/Light","content":"<div><a class=\"logo\" href=\"index.php\"> <img class=\"img-fluid dark\" src=\"img\/cms\/logoDark.png\" width=\"76\" height=\"41\" alt=\"logoDark.png\" \/><img class=\"img-fluid light\" src=\"img\/cms\/logoLight.png\" width=\"76\" height=\"41\" alt=\"logoLight.png\" \/><\/a><\/div>"},"de":{"id_extra_html":"1","specific_class":null,"id_lang":"2","name":"LogoDark\/Light","content":"<div><a class=\"logo\" href=\"index.php\"> <img class=\"img-fluid dark\" src=\"img\/cms\/logoDark.png\" width=\"76\" height=\"41\" alt=\"logoDark.png\" \/><img class=\"img-fluid light\" src=\"img\/cms\/logoLight.png\" width=\"76\" height=\"41\" alt=\"logoLight.png\" \/><\/a><\/div>"},"ru":{"id_extra_html":"1","specific_class":null,"id_lang":"3","name":"LogoDark\/Light","content":"<div><a class=\"logo\" href=\"index.php\"> <img class=\"img-fluid dark\" src=\"img\/cms\/logoDark.png\" width=\"76\" height=\"41\" alt=\"logoDark.png\" \/><img class=\"img-fluid light\" src=\"img\/cms\/logoLight.png\" width=\"76\" height=\"41\" alt=\"logoLight.png\" \/><\/a><\/div>"},"es":{"id_extra_html":"1","specific_class":null,"id_lang":"4","name":"LogoDark\/Light","content":"<div><a class=\"logo\" href=\"index.php\"> <img class=\"img-fluid dark\" src=\"img\/cms\/logoDark.png\" width=\"76\" height=\"41\" alt=\"logoDark.png\" \/><img class=\"img-fluid light\" src=\"img\/cms\/logoLight.png\" width=\"76\" height=\"41\" alt=\"logoLight.png\" \/><\/a><\/div>"},"fr":{"id_extra_html":"1","specific_class":null,"id_lang":"5","name":"LogoDark\/Light","content":"<div><a class=\"logo\" href=\"index.php\"> <img class=\"img-fluid dark\" src=\"img\/cms\/logoDark.png\" width=\"76\" height=\"41\" alt=\"logoDark.png\" \/><img class=\"img-fluid light\" src=\"img\/cms\/logoLight.png\" width=\"76\" height=\"41\" alt=\"logoLight.png\" \/><\/a><\/div>"}}},"2":{"default":{"id_extra_html":"2","specific_class":null,"id_lang":"1","name":"Info block","content":"<div class=\"row separator-list text-center\">\r\n<div class=\"col-12 col-sm-4 py-2 py-md-3\">\r\n<div class=\"box\"><i class=\"linearicons-truck\"><\/i> Delivery of goods to the next day to your home or office<\/div>\r\n<\/div>\r\n<div class=\"col-12 col-sm-4 py-2 py-md-3\">\r\n<div class=\"box\"><i class=\"linearicons-wallet\"><\/i> Convenient payment by bank cards, cash and credit<\/div>\r\n<\/div>\r\n<div class=\"col-12 col-sm-4 py-2 py-md-3\">\r\n<div class=\"box\"><i class=\"linearicons-gift\"><\/i> Choose a gift and get discounts just - a gift card!<\/div>\r\n<\/div>\r\n<\/div>"},"languages":{"en":{"id_extra_html":"2","specific_class":null,"id_lang":"1","name":"Info block","content":"<div class=\"row separator-list text-center\">\r\n<div class=\"col-12 col-sm-4 py-2 py-md-3\">\r\n<div class=\"box\"><i class=\"linearicons-truck\"><\/i> Delivery of goods to the next day to your home or office<\/div>\r\n<\/div>\r\n<div class=\"col-12 col-sm-4 py-2 py-md-3\">\r\n<div class=\"box\"><i class=\"linearicons-wallet\"><\/i> Convenient payment by bank cards, cash and credit<\/div>\r\n<\/div>\r\n<div class=\"col-12 col-sm-4 py-2 py-md-3\">\r\n<div class=\"box\"><i class=\"linearicons-gift\"><\/i> Choose a gift and get discounts just - a gift card!<\/div>\r\n<\/div>\r\n<\/div>"},"de":{"id_extra_html":"2","specific_class":null,"id_lang":"2","name":"Info block","content":"<div class=\"row separator-list text-center\">\r\n<div class=\"col-12 col-sm-4 py-2 py-md-3\">\r\n<div class=\"box\"><i class=\"linearicons-truck\"><\/i> Delivery of goods to the next day to your home or office<\/div>\r\n<\/div>\r\n<div class=\"col-12 col-sm-4 py-2 py-md-3\">\r\n<div class=\"box\"><i class=\"linearicons-wallet\"><\/i> Convenient payment by bank cards, cash and credit<\/div>\r\n<\/div>\r\n<div class=\"col-12 col-sm-4 py-2 py-md-3\">\r\n<div class=\"box\"><i class=\"linearicons-gift\"><\/i> Choose a gift and get discounts just - a gift card!<\/div>\r\n<\/div>\r\n<\/div>"},"ru":{"id_extra_html":"2","specific_class":null,"id_lang":"3","name":"Info block","content":"<div class=\"row separator-list text-center\">\r\n<div class=\"col-12 col-sm-4 py-2 py-md-3\">\r\n<div class=\"box\"><i class=\"linearicons-truck\"><\/i> Delivery of goods to the next day to your home or office<\/div>\r\n<\/div>\r\n<div class=\"col-12 col-sm-4 py-2 py-md-3\">\r\n<div class=\"box\"><i class=\"linearicons-wallet\"><\/i> Convenient payment by bank cards, cash and credit<\/div>\r\n<\/div>\r\n<div class=\"col-12 col-sm-4 py-2 py-md-3\">\r\n<div class=\"box\"><i class=\"linearicons-gift\"><\/i> Choose a gift and get discounts just - a gift card!<\/div>\r\n<\/div>\r\n<\/div>"},"es":{"id_extra_html":"2","specific_class":null,"id_lang":"4","name":"Info block","content":"<div class=\"row separator-list text-center\">\r\n<div class=\"col-12 col-sm-4 py-2 py-md-3\">\r\n<div class=\"box\"><i class=\"linearicons-truck\"><\/i> Delivery of goods to the next day to your home or office<\/div>\r\n<\/div>\r\n<div class=\"col-12 col-sm-4 py-2 py-md-3\">\r\n<div class=\"box\"><i class=\"linearicons-wallet\"><\/i> Convenient payment by bank cards, cash and credit<\/div>\r\n<\/div>\r\n<div class=\"col-12 col-sm-4 py-2 py-md-3\">\r\n<div class=\"box\"><i class=\"linearicons-gift\"><\/i> Choose a gift and get discounts just - a gift card!<\/div>\r\n<\/div>\r\n<\/div>"},"fr":{"id_extra_html":"2","specific_class":null,"id_lang":"5","name":"Info block","content":"<div class=\"row separator-list text-center\">\r\n<div class=\"col-12 col-sm-4 py-2 py-md-3\">\r\n<div class=\"box\"><i class=\"linearicons-truck\"><\/i> Delivery of goods to the next day to your home or office<\/div>\r\n<\/div>\r\n<div class=\"col-12 col-sm-4 py-2 py-md-3\">\r\n<div class=\"box\"><i class=\"linearicons-wallet\"><\/i> Convenient payment by bank cards, cash and credit<\/div>\r\n<\/div>\r\n<div class=\"col-12 col-sm-4 py-2 py-md-3\">\r\n<div class=\"box\"><i class=\"linearicons-gift\"><\/i> Choose a gift and get discounts just - a gift card!<\/div>\r\n<\/div>\r\n<\/div>"}}},"3":{"default":{"id_extra_html":"3","specific_class":null,"id_lang":"1","name":"Blog title","content":"<h1 class=\"h5\"><a href=\"index.php?fc=module&amp;module=jxblog&amp;controller=categories\">Latest news<\/a><\/h1>"},"languages":{"en":{"id_extra_html":"3","specific_class":null,"id_lang":"1","name":"Blog title","content":"<h1 class=\"h5\"><a href=\"index.php?fc=module&amp;module=jxblog&amp;controller=categories\">Latest news<\/a><\/h1>"},"de":{"id_extra_html":"3","specific_class":null,"id_lang":"2","name":"Blog title","content":"<h1 class=\"h5\"><a href=\"index.php?fc=module&amp;module=jxblog&amp;controller=categories\">Neuesten Nachrichten<\/a><\/h1>"},"ru":{"id_extra_html":"3","specific_class":null,"id_lang":"3","name":"Blog title","content":"<h1 class=\"h5\"><a href=\"index.php?fc=module&amp;module=jxblog&amp;controller=categories\">Последние новости<\/a><\/h1>"},"es":{"id_extra_html":"3","specific_class":null,"id_lang":"4","name":"Blog title","content":"<h1 class=\"h5\"><a href=\"index.php?fc=module&amp;module=jxblog&amp;controller=categories\">Últimas noticias<\/a><\/h1>"},"fr":{"id_extra_html":"3","specific_class":null,"id_lang":"5","name":"Blog title","content":"<h1 class=\"h5\"><a href=\"index.php?fc=module&amp;module=jxblog&amp;controller=categories\">Dernières nouvelles<\/a><\/h1>"}}},"4":{"default":{"id_extra_html":"4","specific_class":null,"id_lang":"1","name":"Featured products","content":"<h1 class=\"h5\">Featured products<\/h1>"},"languages":{"en":{"id_extra_html":"4","specific_class":null,"id_lang":"1","name":"Featured products","content":"<h1 class=\"h5\">Featured products<\/h1>"},"de":{"id_extra_html":"4","specific_class":null,"id_lang":"2","name":"Featured products","content":"<h1 class=\"h5\">Ausgewählte Produkte<\/h1>"},"ru":{"id_extra_html":"4","specific_class":null,"id_lang":"3","name":"Featured products","content":"<h1 class=\"h5\">Рекомендуемые товары<\/h1>"},"es":{"id_extra_html":"4","specific_class":null,"id_lang":"4","name":"Featured products","content":"<h1 class=\"h5\">Productos Destacados<\/h1>"},"fr":{"id_extra_html":"4","specific_class":null,"id_lang":"5","name":"Featured products","content":"<h1 class=\"h5\">Produits présentés<\/h1>"}}},"5":{"default":{"id_extra_html":"5","specific_class":"px-xl-6","id_lang":"1","name":"Blog description","content":"<p class=\"h4\">Discover the latest news from the world of fashion and learn more about new arrivals and special offers of our store.<\/p>"},"languages":{"en":{"id_extra_html":"5","specific_class":"px-xl-6","id_lang":"1","name":"Blog description","content":"<p class=\"h4\">Discover the latest news from the world of fashion and learn more about new arrivals and special offers of our store.<\/p>"},"de":{"id_extra_html":"5","specific_class":"px-xl-6","id_lang":"2","name":"Blog description","content":null},"ru":{"id_extra_html":"5","specific_class":"px-xl-6","id_lang":"3","name":"Blog description","content":null},"es":{"id_extra_html":"5","specific_class":"px-xl-6","id_lang":"4","name":"Blog description","content":null},"fr":{"id_extra_html":"5","specific_class":"px-xl-6","id_lang":"5","name":"Blog description","content":null}}},"7":{"default":{"id_extra_html":"7","specific_class":null,"id_lang":"1","name":"Shop description","content":"<p>Our store is offering you our goods, and we are sure that only our choices of garments will suit you best.<\/p>"},"languages":{"en":{"id_extra_html":"7","specific_class":null,"id_lang":"1","name":"Shop description","content":"<p>Our store is offering you our goods, and we are sure that only our choices of garments will suit you best.<\/p>"},"de":{"id_extra_html":"7","specific_class":null,"id_lang":"2","name":"Shop description","content":"<p>Our store is offering you our goods, and we are sure that only our choices of garments will suit you best.<\/p>"},"ru":{"id_extra_html":"7","specific_class":null,"id_lang":"3","name":"Shop description","content":"<p>Our store is offering you our goods, and we are sure that only our choices of garments will suit you best.<\/p>"},"es":{"id_extra_html":"7","specific_class":null,"id_lang":"4","name":"Shop description","content":"<p>Our store is offering you our goods, and we are sure that only our choices of garments will suit you best.<\/p>"},"fr":{"id_extra_html":"7","specific_class":null,"id_lang":"5","name":"Shop description","content":"<p>Our store is offering you our goods, and we are sure that only our choices of garments will suit you best.<\/p>"}}}}