[{"type":"wrapper","sort_order":"2","specific_class":"header-absolute header-light","id_unique":"it_LDWFWCCVJGFN","child":[{"type":"row","sort_order":"2","specific_class":"header-nav container align-items-center stick-up position-relative","id_unique":"it_ERNELSAVREWD","child":[{"type":"col","sort_order":"1","specific_class":"text-center text-md-left","col":"col-12","col_xs":"col-12","col_sm":"","col_md":"col-md-4","col_lg":"col-lg-2","col_xl":"","col_xxl":"","id_unique":"it_TAIGLOHELPKA","child":[{"type":"content","sort_order":"1","specific_class":"","module_name":"html-1","id_unique":"it_HWASTLADIIKB","child":false}]},{"type":"col","sort_order":"2","specific_class":"d-none d-md-block position-static order-last order-lg-0","col":"col-12","col_xs":"col-12","col_sm":"","col_md":"","col_lg":"col-lg-7","col_xl":"","col_xxl":"","id_unique":"it_XKBVQEAJMATZ","child":[{"type":"module","sort_order":"1","specific_class":"","module_name":"jxmegamenu","id_unique":"it_BZSQMMDSEFGC","origin_hook":"displayTop","extra_css":"","child":false}]},{"type":"col","sort_order":"3","specific_class":"d-none d-md-flex inline-list justify-content-end position-lg-static py-1 py-lg-0","col":"col-12","col_xs":"col-12","col_sm":"","col_md":"col-md-8","col_lg":"col-lg-3","col_xl":"","col_xxl":"","id_unique":"it_YNWADCTEXWDL","child":[{"type":"module","sort_order":"2","specific_class":"","module_name":"jxsearch","id_unique":"it_AUODSSRHNNZU","origin_hook":"displayTop","extra_css":"","child":false},{"type":"module","sort_order":"3","specific_class":"","module_name":"jxwishlist","id_unique":"it_YFRTCLJUPMGV","origin_hook":"displayNav2","extra_css":"","child":false},{"type":"module","sort_order":"4","specific_class":"","module_name":"ps_shoppingcart","id_unique":"it_KZRHBMLGVPYJ","origin_hook":"displayTop","extra_css":"","child":false},{"type":"row","sort_order":"1","specific_class":"header-dropdown js-dropdown","id_unique":"it_ACGMMEQWVOCW","child":[{"type":"col","sort_order":"1","specific_class":"dropdown-menu","col":"col","col_xs":"col","col_sm":"","col_md":"","col_lg":"","col_xl":"","col_xxl":"","id_unique":"it_CSAGWCTBSOSW","child":[{"type":"module","sort_order":"1","specific_class":"separator","module_name":"jxheaderaccount","id_unique":"it_IXSIVNCHSOEI","origin_hook":"displayTop","extra_css":"","child":false},{"type":"module","sort_order":"2","specific_class":"separator","module_name":"ps_languageselector","id_unique":"it_MCJDUFKKMQJS","origin_hook":"displayTop","extra_css":"","child":false},{"type":"module","sort_order":"3","specific_class":"","module_name":"ps_currencyselector","id_unique":"it_JRTSYSUYWBCR","origin_hook":"displayTop","extra_css":"","child":false}]}]}]}]},{"type":"row","sort_order":"1","specific_class":"mb-xxl-4","id_unique":"it_HQAYIVEWPSCI","child":[{"type":"col","sort_order":"1","specific_class":"","col":"col-12","col_xs":"col-12","col_sm":"col-sm-12","col_md":"","col_lg":"","col_xl":"","col_xxl":"","id_unique":"it_RIMPCGSQOTWQ","child":[{"type":"content","sort_order":"1","specific_class":"","module_name":"banner-18","id_unique":"it_SZOZAGZSVTZP","child":false}]}]}]}]