[{"type":"row","sort_order":"1","specific_class":"","id_unique":"it_MWHCETJSPBYC","child":[{"type":"col","sort_order":"1","specific_class":"","col":"col-12","col_xs":"col-12","col_sm":"","col_md":"","col_lg":"","col_xl":"","col_xxl":"","id_unique":"it_GOAJANTKIFVJ","child":[{"type":"module","sort_order":"1","specific_class":"","module_name":"ps_imageslider","id_unique":"it_VBJBYPRHYUFV","origin_hook":"displayTopColumn","extra_css":"","child":false}]}]},{"type":"wrapper","sort_order":"2","specific_class":"bg-light","id_unique":"it_BBTUHNABCETF","child":[{"type":"row","sort_order":"1","specific_class":"container","id_unique":"it_RGWWOKGCOEZX","child":[{"type":"col","sort_order":"1","specific_class":"","col":"col-12","col_xs":"col-12","col_sm":"","col_md":"","col_lg":"","col_xl":"","col_xxl":"","id_unique":"it_QMVZHZFMKUTP","child":[{"type":"content","sort_order":"1","specific_class":"","module_name":"html-2","id_unique":"it_VYWCGKFALGCD","child":false}]}]}]}]