[{"type":"wrapper","sort_order":"1","specific_class":"container","id_unique":"it_KNDIROYVHGQF","child":[{"type":"row","sort_order":"1","specific_class":"","id_unique":"it_ZHRSRJTDLBJC","child":[{"type":"col","sort_order":"1","specific_class":"mt-4 mt-lg-5","col":"col-12","col_xs":"col-12","col_sm":"","col_md":"","col_lg":"","col_xl":"","col_xxl":"","id_unique":"it_CYVJCVECOBCA","child":[{"type":"content","sort_order":"2","specific_class":"text-center","module_name":"html-4","id_unique":"it_SYSSXJHOQSKS","child":false},{"type":"module","sort_order":"3","specific_class":"grid-large","module_name":"jxcategoryproducts","id_unique":"it_PDLYEGKDKHOI","origin_hook":"displayHome","extra_css":"","child":false}]}]}]},{"type":"row","sort_order":"2","specific_class":"","id_unique":"it_POMWMDREJDQS","child":[{"type":"col","sort_order":"1","specific_class":"mt-4 mt-lg-5","col":"col-12","col_xs":"col-12","col_sm":"","col_md":"","col_lg":"","col_xl":"","col_xxl":"","id_unique":"it_RKWLLMZKMDMG","child":[{"type":"module","sort_order":"1","specific_class":"","module_name":"jxlookbook","id_unique":"it_BFSDXHJTCXZG","origin_hook":"displayHome","extra_css":"","child":false}]},{"type":"col","sort_order":"2","specific_class":"mt-4 mt-lg-5","col":"col-12","col_xs":"col-12","col_sm":"","col_md":"","col_lg":"","col_xl":"","col_xxl":"","id_unique":"it_NDHPACGWPZAZ","child":[{"type":"module","sort_order":"1","specific_class":"","module_name":"jxdaydeal","id_unique":"it_IBJCXQIIAJEF","origin_hook":"displayHome","extra_css":"","child":false}]}]},{"type":"wrapper","sort_order":"3","specific_class":"container","id_unique":"it_FZKRCCPLZERG","child":[{"type":"row","sort_order":"1","specific_class":"","id_unique":"it_WTHHDWOTFRPF","child":[{"type":"col","sort_order":"1","specific_class":"mt-4 mt-lg-5","col":"col-12","col_xs":"col-12","col_sm":"","col_md":"","col_lg":"","col_xl":"","col_xxl":"","id_unique":"it_PZACGXERCXFX","child":[{"type":"module","sort_order":"1","specific_class":"grid-small u-carousel uc-el-product-miniature uc-nav","module_name":"ps_newproducts","id_unique":"it_HNGHGHXSYXLE","origin_hook":"displayHome","extra_css":"","child":false}]}]}]},{"type":"wrapper","sort_order":"4","specific_class":"bg-light mt-4 mt-lg-5 py-4 py-lg-5","id_unique":"it_BKGSFPXMMPIM","child":[{"type":"row","sort_order":"1","specific_class":"container","id_unique":"it_FDSDLGWPFIJE","child":[{"type":"col","sort_order":"1","specific_class":"","col":"col-12","col_xs":"col-12","col_sm":"col-sm-12","col_md":"","col_lg":"","col_xl":"","col_xxl":"","id_unique":"it_DVAFABQSOKKA","child":[{"type":"module","sort_order":"1","specific_class":"u-carousel uc-el-bp-miniature uc-nav","module_name":"jxfeaturedposts","id_unique":"it_EFUVATDJFHLI","origin_hook":"displayHome","extra_css":"","child":false}]}]}]},{"type":"wrapper","sort_order":"5","specific_class":"container pt-4 pt-lg-5","id_unique":"it_LNECRREGHIQE","child":[{"type":"row","sort_order":"1","specific_class":"","id_unique":"it_NKJEAVULATDS","child":[{"type":"col","sort_order":"1","specific_class":"text-center offset-xl-2","col":"col-12","col_xs":"col-12","col_sm":"","col_md":"","col_lg":"","col_xl":"col-xl-8","col_xxl":"","id_unique":"it_ADTQRZAGCBCF","child":[{"type":"module","sort_order":"1","specific_class":"","module_name":"ps_emailsubscription","id_unique":"it_WHYWSPIHFUYT","origin_hook":"displayHome","extra_css":"","child":false}]}]},{"type":"row","sort_order":"2","specific_class":"mt-4 pt-4 border-top","id_unique":"it_SSLBAISCNANZ","child":[{"type":"col","sort_order":"1","specific_class":"","col":"col-12","col_xs":"col-12","col_sm":"col-sm-12","col_md":"","col_lg":"","col_xl":"","col_xxl":"","id_unique":"it_HBNGFRVETLTV","child":[{"type":"content","sort_order":"1","specific_class":"","module_name":"banner-19","id_unique":"it_LVXUSQTCUAGN","child":false}]}]}]}]