[{"type":"wrapper","sort_order":"1","specific_class":"","id_unique":"it_XGGQXOMKCHCN","child":[{"type":"row","sort_order":"1","specific_class":"","id_unique":"it_EREKJXMDVFDW","child":[{"type":"col","sort_order":"1","specific_class":"","col":"col-12","col_xs":"col-12","col_sm":"col-sm-12","col_md":"","col_lg":"","col_xl":"","col_xxl":"","id_unique":"it_JPSVTZNQSGVY","child":[{"type":"module","sort_order":"1","specific_class":"grid u-carousel uc-el-product-miniature uc-nav mt-5 mt-xl-0","module_name":"ps_categoryproducts","id_unique":"it_JGUBSQETHLEV","origin_hook":"displayFooterProduct","extra_css":"","child":false},{"type":"module","sort_order":"2","specific_class":"grid u-carousel uc-el-product-miniature uc-nav mt-5 mt-xl-0","module_name":"ps_crossselling","id_unique":"it_LDCQDXABTXAM","origin_hook":"displayFooterProduct","extra_css":"","child":false}]}]}]}]